,Fund Name,P1,P2,P3,P4,P5,TScore,Rank
0,M1,0.91,0.83,6.3,46.3,13.59,0.5749920018314656,2
1,M2,0.85,0.72,3.8,65.1,17.62,0.370956596375224,7
2,M3,0.86,0.74,4.4,45.6,12.9,0.44290148986429356,6
3,M4,0.69,0.48,4.3,46.7,13.04,0.5224998831515753,4
4,M5,0.86,0.74,5.9,65.6,18.28,0.5745654807358163,3
5,M6,0.91,0.83,5.2,54.5,15.36,0.4858510214238883,5
6,M7,0.77,0.59,3.1,55.5,14.99,0.3605187256223253,8
7,M8,0.83,0.69,5.6,58.5,16.41,0.5922661112211741,1
